eurostat_v_4258_100_k_gisco-admin-boundaries_2013,i,eurostat_v_4258_100_k_gisco-admin-boundaries_i_2013_V01_r00
eea_v_3035_100_k_natura2000_2012,p,eea_v_3035_100_k_natura2000_p_2012_V01_r00
eea_r_3035_1000_m_cdda_2009_rev8,p,eea_r_3035_1000_m_cdda_p_2009_V01_r08
eea_v_3035_10_km_eea-ref-grid-tr_2011,p,eea_v_3035_10_km_eea-ref-grid-tr_p_2011_V01_r00
eea_v_4326_100_k_uwwtd-tp_2007-2011_rev4,p,eea_v_4326_100_k_uwwtd-tp_p_2007-2011_V01_r04
eea_v_3035_1_km_eea-ref-grid-tr_2011,p,eea_v_3035_1_km_eea-ref-grid-tr_p_2011_V01_r00
eea_v_3035_100_km_eea-ref-grid-xk_2011,p,eea_v_3035_100_km_eea-ref-grid-xk_p_2011_V01_r00
eea_v_3035_10_km_eea-ref-grid-rs_2011,p,eea_v_3035_10_km_eea-ref-grid-rs_p_2011_V01_r00
eea_v_3035_100_km_eea-ref-grid-rs_2011,p,eea_v_3035_100_km_eea-ref-grid-rs_p_2011_V01_r00
eea_v_3035_1_km_eea-ref-grid-se_2011,p,eea_v_3035_1_km_eea-ref-grid-se_p_2011_V01_r00
eea_v_4326_100_k_tw_2012_rev1,p,eea_v_4326_100_k_tw_p_2012_V01_r01
eea_v_3035_1_km_eea-ref-grid-si_2011,p,eea_v_3035_1_km_eea-ref-grid-si_p_2011_V01_r00
eea_v_3035_250_k_rbd-f1v4_2011_rev1-4,p,eea_v_3035_250_k_rbd-f1v4_p_2011_V01_r14
eea_v_3035_1_km_eea-ref-grid-sk_2011,p,eea_v_3035_1_km_eea-ref-grid-sk_p_2011_V01_r00
eea_v_3035_100_km_eea-ref-grid-si_2011,p,eea_v_3035_100_km_eea-ref-grid-si_p_2011_V01_r00
eea_v_3035_100_km_eea-ref-grid-sk_2011,p,eea_v_3035_100_km_eea-ref-grid-sk_p_2011_V01_r00
eea_r_3035_1000_m_admin-units-leac_2008-2010,p,eea_r_3035_1000_m_admin-units-leac_p_2008-2010_V01_r00
eea_v_4326_100_k_uwwtd-disc-pts_2007-2011_rev4,p,eea_v_4326_100_k_uwwtd-disc-pts_p_2007-2011_V01_r04
eea_v_4326_100_k_uwwtd-agglo_2007-2011_rev4,p,eea_v_4326_100_k_uwwtd-agglo_p_2007-2011_V01_r04
eea_v_3035_100_k_umz-changes_1990-2000_rev13,p,eea_v_3035_100_k_umz-changes_p_1990-2000_V01_r13
eurogeographics_v_4326_1_mio_egm-countries-v30_2009,p,eurogeographics_v_4326_1_mio_egm-countries_p_2009_V30_r00
eurogeographics_v_4326_1_mio_egm-coastline_2006_rev22,p,eurogeographics_v_4326_1_mio_egm-coastline_p_2006_V01_r22
eurogeographics_v_4326_1_mio_egm-coastline_2006_rev2,p,eurogeographics_v_4326_1_mio_egm-coastline_p_2006_V01_r02
eea_r_3035_20_m_mosaic-sealing_2006_rev2,p,eea_r_3035_20_m_mosaic-sealing_p_2006_V01_r02
eea_r_3035_250_m_cdda_2009_rev8,p,eea_r_3035_250_m_cdda_p_2009_V01_r08
eurogeographics_v_4326_1_mio_egm-europe-v30_2009,p,eurogeographics_v_4326_1_mio_egm-europe_p_2009_V30_r00
eea_v_3035_100_k_rbd-f1v3_2008_rev1-3,p,eea_v_3035_100_k_rbd-f1v3_p_2008_V01_r13
eea_v_3035_100_k_umz_2006_rev13,p,eea_v_3035_100_k_umz_p_2006_V01_r13
eea_v_3035_10_km_eea-ref-grid-sk_2011,p,eea_v_3035_10_km_eea-ref-grid-sk_p_2011_V01_r00
eea_v_3035_100_k_natura2000_200906-200910,p,eea_v_3035_100_k_natura2000_p_2009_V01_r00
eea_v_3035_100_k_umz_1990_rev13,p,eea_v_3035_100_k_umz_p_1990_V01_r13
eea_v_4258_100_k_msfd-marine-subregions_2010-2017,p,eea_v_4258_100_k_msfd-marine-subregions_p_2010-2017_V01_r00
eea_v_3035_100_k_umz-changes_2000-2006_rev13,p,eea_v_3035_100_k_umz-changes_p_2000-2006_V01_r13
eurostat_v_4258_3_mio_urau_2004_rev2009,p,eurostat_v_4258_3_mio_urau_p_2004_V01_r00
eurogeographics_v_4326_250_k_erm-coastline_2006_rev30b,p,eurogeographics_v_4326_250_k_erm-coastline_p_2006_V01_r30
eea_r_3035_1000_m_nature-sites_200901-200905,p,eea_r_3035_1000_m_nature-sites_p_2009_V01_r00
eea_v_3035_100_k_umz_2000_rev13,p,eea_v_3035_100_k_umz_p_2000_V01_r13
eea_v_3035_100_km_eea-ref-grid-se_2011,p,eea_v_3035_100_km_eea-ref-grid-se_p_2011_V01_r00
eea_v_3035_1_km_eea-ref-grid-xk_2011,p,eea_v_3035_1_km_eea-ref-grid-xk_p_2011_V01_r00
ornl_g_4326_30_arcsec_landscan_2012,p,ornl_g_4326_30_arcsec_landscan_p_2012_V01_r00
eea_v_3035_1_km_eea-ref-grid-rs_2011,p,eea_v_3035_1_km_eea-ref-grid-rs_p_2011_V01_r00
eea_v_3035_100_km_eea-ref-grid-tr_2011,p,eea_v_3035_100_km_eea-ref-grid-tr_p_2011_V01_r00
eea_v_3035_10_km_eea-ref-grid-se_2011,p,eea_v_3035_10_km_eea-ref-grid-se_p_2011_V01_r00
eea_v_3035_250_k_rbd-f1v4_2011_rev1-4,p,eea_v_3035_250_k_rbd-f1v4_p_2011_V01_r14
eea_v_3035_10_km_eea-ref-grid-xk_2011,p,eea_v_3035_10_km_eea-ref-grid-xk_p_2011_V01_r00
eea_v_3035_10_km_eea-ref-grid-si_2011,p,eea_v_3035_10_km_eea-ref-grid-si_p_2011_V01_r00
eea_r_3035_100_m_ebm-admin-units_2010,p,eea_r_3035_100_m_ebm-admin-units_p_2010_V01_r00
eea_r_3035_1_km_pop-density-geostat_2006,p,eea_r_3035_1_km_pop-density-geostat_p_2006_V01_r00
eea_v_4258_100_k_msfd-marine-regions_2010-2017,p,eea_v_4258_100_k_msfd-marine-regions_p_2010-2017_V01_r00
jrc_v_3035_1_mio_esdb_1980-1996_rev2,p,jrc_v_3035_1_mio_esdb_p_1980-1996_V01_r02
eea_v_4258_100_k_msfd-marine-regions_2010-2017_rev02,p,eea_v_4258_100_k_msfd-marine-regions_p_2010-2017_V01_r02
eea_v_4326_1_mio_zones-aq-thresholds_2010_rev2,p,eea_v_4326_1_mio_zones-aq-thresholds_p_2010_V01_r02
jrc_r_4326_30_arcsec_org-c-top_2009,p,jrc_r_4326_30_arcsec_org-c-top_p_2009_V01_r00
jrc_r_4326_5_arcmin_org-c-sub_2009,p,jrc_r_4326_5_arcmin_org-c-sub_p_2009_V01_r00
eea_v_4258_1_mio_wise-gwb-public-h2_2009-2011,p,eea_v_4258_1_mio_wise-gwb-public-h2_p_2009-2011_V01_r00
jrc_v_3035_1_mio_esdb-salinisation_1974-2004,p,jrc_v_3035_1_mio_esdb-salinisation_p_1974-2004_V01_r00
jrc_r_3035_1_km_esdb-octop_2003,p,jrc_r_3035_1_km_esdb-octop_p_2003_V01_r00
jrc_v_3035_1_mio_esdb-comp-susc-eurasia_1974-2004,p,jrc_v_3035_1_mio_esdb-comp-susc-eurasia_p_1974-2004_V01_r00
eea_v_4258_1_mio_wise-gwb-public-h5_2009-2011,p,eea_v_4258_1_mio_wise-gwb-public-h5_p_2009-2011_V01_r00
eea_v_4258_1_mio_wise-gwb-public-h6-h7_2009-2011,p,eea_v_4258_1_mio_wise-gwb-public-h6-h7_p_2009-2011_V01_r00
jrc_r_3035_10_km_esdb-k-factor_2009,p,jrc_r_3035_10_km_esdb-k-factor_p_2009_V01_r00
eea_r_3035_1000_m_nature-sites_2011,p,eea_r_3035_1000_m_nature-sites_p_2011_V01_r00
eea_v_4258_1_mio_gisco-admin-boundaries-kosovo_2010,p,eea_v_4258_1_mio_gisco-admin-boundaries-kosovo_p_2010_V01_r00
eea_v_3035_100_k_natura2000_2015,p,eea_v_3035_100_k_natura2000_p_2015_V01_r00
eea_v_4326_1_mio_zones-aq-thresholds_2010,p,eea_v_4326_1_mio_zones-aq-thresholds_p_2010_V01_r00
eea_r_3035_100_m_nature-sites_2011,p,eea_r_3035_100_m_nature-sites_p_2011_V01_r00
eea_r_3035_250_m_nature-sites_2011,p,eea_r_3035_250_m_nature-sites_p_2011_V01_r00
eea_v_32740_1_mio_wise-gwb-public-reunion_2009-2011,p,eea_v_32740_1_mio_wise-gwb-public-reunion_p_2009-2011_V01_r00
eea_v_4258_1_mio_wise-gwb-public-h3_2009-2011,p,eea_v_4258_1_mio_wise-gwb-public-h3_p_2009-2011_V01_r00
eea_v_4258_1_mio_wise-gwb-public-h1_2009-2011,p,eea_v_4258_1_mio_wise-gwb-public-h1_p_2009-2011_V01_r00
eea_v_4258_1_mio_wise-gwb-public-h0_2009-2011,p,eea_v_4258_1_mio_wise-gwb-public-h0_p_2009-2011_V01_r00
eea_v_4258_1_mio_wise-gwb-public-ch_2009-2011,p,eea_v_4258_1_mio_wise-gwb-public-ch_p_2009-2011_V01_r00
eea_v_4258_1_mio_wise-gwb-public-h4_2009-2011,p,eea_v_4258_1_mio_wise-gwb-public-h4_p_2009-2011_V01_r00
jrc_r_4326_30_arcsec_org-c-sub_2009,p,jrc_r_4326_30_arcsec_org-c-sub_p_2009_V01_r00
jrc_r_3035_1_km_esdb-pesera_2003,p,jrc_r_3035_1_km_esdb-pesera_p_2003_V01_r00
jrc_r_4326_5_arcmin_org-c-top_2009,p,jrc_r_4326_5_arcmin_org-c-top_p_2009_V01_r00
jrc_v_3035_1_mio_esdb-comp-susc-eu27_1974-2004,p,jrc_v_3035_1_mio_esdb-comp-susc-eu27_p_1974-2004_V01_r00
jrc_r_3035_1_km_esdb-ph_2009,p,jrc_r_3035_1_km_esdb-ph_p_2009_V01_r00
eea_r_3035_100_m_nature-sites_200901-200905,p,eea_r_3035_100_m_nature-sites_p_2009_V01_r00
eea_r_3035_100_m_mosaic-sealing_2006_rev2,p,eea_r_3035_100_m_mosaic-sealing_p_2006_V01_r02
eea_r_3035_250_m_nature-sites_200901-200905,p,eea_r_3035_250_m_nature-sites_p_2009_V01_r00
