219fdc9f-616b-444b-a495-198f527b4722,clms_r_4326_300_m_lai-10daily-global_p_2014-2023_v1_r00
64a4d49d-281d-42c0-a45c-3abb3f337ad3,clms_r_4326_500_m_lie-daily-global_p_2023-2024_v2_r00
e45d33d0-7a28-4446-adb4-fb70805bd650,clms_r_4326_300_m_lsp-yearly-global_p_2023-2024_v1_r00
1f5db4df-b91a-4c4f-98de-aec229c89068,clms_r_4326_300_m_gpp-10daily-global_p_2014-2023_v1_r00
2b5348ac-d6ce-49e6-92a6-a3a6252b8826,clms_r_4326_300_m_lsp-maxd-yearly-global_p_2023-2024_v1_r00
6b394b30-fddc-40d1-b70d-fe047c61da99,clms_r_4326_300_m_lsp-eosv-yearly-global_p_2023-2024_v1_r00
998c06c6-6abf-479d-9b99-7023598409e4,clms_r_4326_300_m_lsp-eosd-yearly-global_p_2023-2023_v1_r00
09578c73-4f5d-4d2c-90ff-4e17fb7dbf69,clms_r_4326_300_m_fcover-10daily-global_p_2014-2023_v1_r00
52939031-5f8f-47ba-ba62-f57566baa4aa,clms_r_4326_300_m_lsp-length-yearly-global_p_2023-2024_v1_r00
7413d030-d782-4dd9-a6e0-d42db6c6b06e,clms_r_4326_300_m_lsp-lslope-yearly-global_p_2023-2024_v1_r00
67797662-7edc-4a29-b93b-a58af384b137,clms_r_4326_300_m_dmp-10daily-global_p_2014-2023_v1_r00
a99b341a-95c4-48ae-90df-08e2b98ef80b,clms_r_4326_1k_m_fapar-10daily-global_p_1999-2020_v1_r00
4c1635a6-2498-45e0-8765-893d9c43312b,clms_r_4326_300_m_lsp-maxv-yearly-global_p_2023-2024_v1_r00
f6d92e23-693c-44f7-93c7-17ab424e4c0d,clms_r_4326_1k_m_lai-10daily-global_p_1999-2020_v1_r00
08f6ac55-b896-481f-bb1c-bd9e5e18c411,clms_r_4326_300_m_ba-monthly-global_p_2019-2024_v3_r00
f8bb2439-9e0d-4bed-bda5-f7469c94999e,clms_r_4326_1k_m_fcover-10daily-global_p_1999-2020_v1_r00
51290962-3beb-4bac-bd06-0997de245949,clms_r_4326_300_m_lsp-maxv-yearly-global_p_2023-2024_v1_r00
edc0eb49-fbd7-4ed2-bca5-8ec0e67dc9fe,clms_r_4326_300_m_gdmp-10daily-global_p_2014-2023_v1_r00
9c0519f9-d2c2-4469-a9e1-2222d37c33d6,clms_r_4326_300_m_ba-daily-global_p_2023-2024_v3_r00
e96c138d-2ca5-43c0-a3c8-c27ef8555e14,clms_r_4326_300_m_lsp-ampl-yearly-global_p_2023-2024_v1_r00
44790518-5c35-4a4b-b44c-4487867b9fa8,clms_r_4326_1k_m_lwq-10daily-nrt-global_p_2016-2018_v1_r00
d3919020-1b88-4c39-a6dc-f78a5d1af114,clms_r_4326_300_m_lsp-sprod-yearly-global_p_2023-2024_v1_r00
e9a7a89e-f0a8-4dbe-aa22-141ef0e164ab,clms_r_4326_300_m_lsp-rslope-yearly-global_p_2023-2024_v1_r00
1721645e-dba7-4452-847d-35d812bee3c6,clms_r_4326_1k_m_ndvi-statistics-global_p_1999-2017_v2_r00
cffc18f2-b50d-4853-b85d-0acbc569a645,clms_r_4326_1k_m_lwq-10daily-reproc-global_p_2002-2012_v1_r00
aa809355-f50a-4925-9fb1-bef32ff1c9aa,clms_r_4326_300_m_ndvi-10daily-global_p_2014-2020_v1_r00
39d1a37f-d864-4b5a-b94f-2b54930e45d7,clms_r_4326_300_m_lsp-sosd-yearly-global_p_2023-2024_v1_r00
83f47abb-7862-4ad5-ae03-b01f947af806,clms_r_4326_300_m_lsp-qa-yearly-global_p_2023-2024_v1_r00
181c3a99-a2ee-4118-9c88-b7dfa5e23f8d,clms_r_4326_300_m_lsp-sosv-yearly-global_p_2023-2024_v1_r00
9452ed34-081d-445f-a092-de13cf7d2830,clms_r_4326_300_m_npp-10daily-global_p_2014-2023_v1_r00
171fc1ad-4e3d-412c-b64e-bc9c7fbe0eff,clms_r_4326_1k_m_wb-10daily-global_p_1998-2018_v2_r00
b44bea25-62ce-4549-ad8c-a62bc39e9d86,clms_r_4326_300_m_lsp-tprod-yearly-global_p_2023-2024_v1_r00
5f9eb075-343a-4c68-bfb2-3d09da2c9d17,clms_r_4326_1k_m_ndvi-10daily-global_p_1998-2020_v2_r00
c8cf5bec-83e9-4e27-8c13-80f74a89bd0c,clms_r_4326_1k_m_dmp-10daily-global_p_1999-2020_v2_r00
29051bfa-afd8-4ffc-a99d-4c097152749e,clms_r_4326_12.5k_m_swi-static-global_p_2007-2024_v1_r00
8048eb1c-8579-45c6-b188-b0a26ef26248,clms_r_4326_1k_m_ndvi-10daily-global_p_1999-present_v3_r00
9029c361-18b7-4189-bff9-744a2821858d,clms_r_4326_5k_m_swe-daily-global_p_2024-present_v2_r00
fa9d1d46-70a4-4f85-bed7-6e1af8e1ff36,clms_v_4326__wl-rivers-daily-global_p_2002-present_v2_r00
b4e3720f-19a7-4b04-9de1-786eb52807ac,clms_v_4326__wl-lakes-daily-global_p_1992-present_v2_r00
4cd93293-e944-4046-987c-66e4f59a2071,clms_r_4326_300_m_wb-monthly-global_p_2020-present_v2_r00
5ad6499b-c37e-45b6-8753-324963a2f551,clms_r_4326_300_m_wb-10daily-global_p_2014-2020_v1_r00
86c14646-c0b6-4b82-a82f-cbb23b331743,clms_r_4326_100_m_wb-monthly-global_p_2020-present_v1_r00
0929daf7-a0a3-4428-9bc1-cec6691e85d8,clms_r_4326_1k_m_swi-daily-global_p_2015-present_v1_r00
281e62fc-fe9e-40ef-9a78-1e104dc2a352,clms_r_4326_12.5k_m_swi-time-series-global_p_2007-present_v3_r00
98c5e00e-3580-4bb3-9509-50a572b1e935,clms_r_4326_12.5k_m_swi-daily-global_p_2007-present_v3_r00
e934b15f-7d48-4c6d-a9c6-6484488aa58f,clms_r_4326_1k_m_ssm-daily-global_p_2014-present_v1_r00
ae760a70-708e-459a-8eec-6852462a5faf,clms_r_4326_300_m_ndvi-10daily-global_p_2020-present_v2_r00
290e81fb-4c84-42ad-ae12-f663312b0eda,clms_r_4326_1k_m_ndvi-statistics-global_p_1999-2019_v3_r00
45a5c6e5-f142-4e66-8017-fa9161c2768b,clms_r_32662_5k_m_lst-hourly-global_p_2021-present_v2_r00
90ca3e33-7926-4f71-857b-7336818cbd23,clms_r_32662_5k_m_lst-hourly-global_p_2010-2021_v1_r00
7c47ba10-0419-4d68-90f7-49f7e28a0a3f,clms_r_32662_5k_m_lst-10daily-daily-cycle-global_p_2017-2021_v1_r00
49778fb4-bf1a-4e89-bd1d-09f1370e2bb9,lms_r_32662_5k_m_lst-10daily-daily-cycle-global_p_2021-present_v2_r00
9143c7a3-5c81-4b0d-b5d1-8cfea8a73d84,clms_r_32662_5k_m_lst-10daily-tci-global_p_2017-2021_v1_r00
0aedea4c-f2e3-4823-a60d-a4f3873aa13c,clms_r_32662_5k_m_lst-10daily-tci-global_p_2021-present_v2_r00
c6377c6e-76cc-4d03-8330-628a03693042,clms_r_4326_100_m_lcc-yearly-global_p_2015-2020_v3_r00
d5fdc595-2e03-4cbe-a39e-5f006f9cef07,clms_r_4326_1k_m_lai-10daily-global_p_1999-2020_v2_r00
b54be6e3-5962-4e9a-a443-9ff7ea943dfe,clms_r_4326_1k_m_gdmp-10daily-global_p_1999-2020_v2_r00
5a38461b-3ef7-4f97-a933-4c9f51a0eda5,clms_r_4326_300_m_fapar-10daily-global_p_2014-2023_v1_r00
fb3b9550-d542-4eb9-a661-27d586780f76,clms_r_4326_1k_m_fapar-10daily-global_p_1999-2020_v2_r00
6fda150f-5c38-4c7a-bddf-b327d07137bd,clms_r_4326_12.5k_m_swi-10daily-global_p_2007-present_v3_r00
